provincia;canton;ambarazo_adolescente
MORONA SANTIAGO;TAISHA;40,4
MORONA SANTIAGO;TIWINTZA;58,7
ZAMORA CHINCHIPE;NANGARITZA;70,7
MORONA SANTIAGO;LOGROÐO;63,4
MORONA SANTIAGO;HUAMBOYA;52,5
ESMERALDAS;SAN LORENZO;58,3
NAPO;ARCHIDONA;54,1
CHIMBORAZO;GUAMOTE;46,3
PASTAZA;ARAJUNO;46,6
LOS RIOS;PUEBLOVIEJO;52,1
ESMERALDAS;ELOY ALFARO;44,9
ESMERALDAS;RIOVERDE;45,6
MANABI;PEDERNALES;49,4
ESMERALDAS;MUISNE;46,0
MANABI;JAMA;62,5
MORONA SANTIAGO;SANTIAGO;50,0
LOS RIOS;BABA;47,7
ZAMORA CHINCHIPE;PAQUISHA;53,9
GUAYAS;EMPALME;49,3
NAPO;TENA;47,5
ORELLANA;LORETO;37,6
ZAMORA CHINCHIPE;YACUAMBI;42,4
MORONA SANTIAGO;PALORA;50,3
MANABI;PAJAN;46,3
MORONA SANTIAGO;PABLO SEXTO;57,3
ESMERALDAS;QUININDE;44,9
MANABI;FLAVIO ALFARO;46,5
MANABI;OLMEDO;50,8
MANABI;PICHINCHA;41,7
GUAYAS;BALZAR;50,7
MORONA SANTIAGO;SAN JUAN BOSCO;47,6
GUAYAS;ALFREDO BAQUERIZO MORENO;42,4
LOS RIOS;URDANETA;46,2
MANABI;BOLIVAR;46,0
MORONA SANTIAGO;SUCUA;48,0
LOS RIOS;PALENQUE;47,9
MORONA SANTIAGO;LIMON INDANZA;45,8
MORONA SANTIAGO;MORONA;41,8
LOS RIOS;BUENA FE;51,8
LOS RIOS;VINCES;44,2
GUAYAS;NARANJAL;42,1
MORONA SANTIAGO;GUALAQUIZA;42,0
MANABI;CHONE;42,1
LOS RIOS;VALENCIA;44,1
CAÑAR;SUSCAL;46,0
GUAYAS;PEDRO CARBO;41,8
MANABI;EL CARMEN;40,6
GUAYAS;SALITRE;33,5
ESMERALDAS;ATACAMES;38,8
LOJA;PINDAL;39,5
GUAYAS;SAN JACINTO DE YAGUACHI;36,5
MANABI;SAN VICENTE;39,6
CHIMBORAZO;ALAUSI;32,0
CHIMBORAZO;COLTA;26,3
LOS RIOS;VENTANAS;39,1
ZAMORA CHINCHIPE;EL PANGUI;42,3
LOS RIOS;MOCACHE;37,9
GUAYAS;SIMON BOLIVAR;36,0
LOS RIOS;QUINSALOMA;36,9
PASTAZA;PASTAZA;36,8
SUCUMBIOS;SHUSHUFINDI;37,4
AZUAY;NABON;28,1
GUAYAS;COLIMES;29,4
ZAMORA CHINCHIPE;PALANDA;35,4
LOS RIOS;QUEVEDO;33,7
COTOPAXI;SIGCHOS;25,5
MANABI;SUCRE;37,5
ESMERALDAS;ESMERALDAS;36,2
EL ORO;EL GUABO;39,8
ZAMORA CHINCHIPE;YANTZAZA;41,2
ORELLANA;AGUARICO;19,0
SUCUMBIOS;PUTUMAYO;22,1
MANABI;SANTA ANA;31,7
GUAYAS;ISIDRO AYORA;44,3
SUCUMBIOS;LAGO AGRIO;33,5
MANABI;TOSAGUA;38,1
SUCUMBIOS;GONZALO PIZARRO;31,6
SUCUMBIOS;CASCALES;29,7
COTOPAXI;PANGUA;34,0
LOS RIOS;BABAHOYO;32,2
AZUAY;CAMILO PONCE ENRIQUEZ;43,4
MANABI;24 DE MAYO;29,8
SUCUMBIOS;CUYABENO;26,6
MANABI;PUERTO LOPEZ;32,7
COTOPAXI;PUJILI;29,2
LOJA;ZAPOTILLO;32,6
ORELLANA;LA JOYA DE LOS SACHAS;28,0
PASTAZA;SANTA CLARA;26,5
GUAYAS;MILAGRO;32,7
NAPO;CARLOS JULIO AROSEMENA TOLA;31,3
CAÑAR;LA TRONCAL;35,7
GUAYAS;SANTA LUCIA;35,7
BOLIVAR;GUARANDA;27,6
LOJA;GONZANAMA;28,1
PICHINCHA;SAN MIGUEL DE LOS BANCOS;34,3
MANABI;JUNIN;35,7
ZAMORA CHINCHIPE;CENTINELA DEL CONDOR;32,3
ORELLANA;ORELLANA;30,8
BOLIVAR;CHILLANES;26,5
GUAYAS;NOBOL;40,8
GUAYAS;EL TRIUNFO;36,1
LOJA;ESPINDOLA;29,0
GUAYAS;PLAYAS;36,2
LOJA;SARAGURO;25,5
MANABI;JIPIJAPA;29,3
PICHINCHA;PUERTO QUITO;26,5
IMBABURA;PIMAMPIRO;34,8
ZAMORA CHINCHIPE;ZAMORA;33,8
CAÑAR;CAÑAR;27,2
LOJA;OLMEDO;23,0
GUAYAS;BALAO;36,1
IMBABURA;COTACACHI;23,1
COTOPAXI;LA MANA;33,1
EL ORO;SANTA ROSA;37,9
MANABI;MONTECRISTI;24,4
SANTO DOMINGO DE LOS TSACHILAS;SANTO DOMINGO;27,1
SANTA ELENA;SALINAS;27,0
ZAMORA CHINCHIPE;CHINCHIPE;25,9
CAÑAR;EL TAMBO;35,5
AZUAY;GUALACEO;31,4
PICHINCHA;PEDRO MONCAYO;26,3
GUAYAS;PALESTINA;28,0
MANABI;JARAMIJO;37,8
EL ORO;PASAJE;32,1
AZUAY;SIGSIG;26,3
CHIMBORAZO;PALLATANGA;27,5
PICHINCHA;PEDRO VICENTE MALDONADO;33,9
BOLIVAR;LAS NAVES;33,8
CHIMBORAZO;CHUNCHI;27,9
LOJA;CALVAS;28,3
BOLIVAR;CHIMBO;21,9
LOJA;SOZORANGA;20,1
PASTAZA;MERA;17,6
AZUAY;SANTA ISABEL;29,8
SANTA ELENA;SANTA ELENA;25,0
LOJA;PUYANGO;28,1
IMBABURA;OTAVALO;21,5
COTOPAXI;SAQUISILI;24,2
BOLIVAR;SAN MIGUEL;22,1
LOJA;CHAGUARPAMBA;24,5
AZUAY;PUCARA;21,9
GUAYAS;NARANJITO;30,5
LOJA;PALTAS;24,8
GUAYAS;LOMAS DE SARGENTILLO;32,5
AZUAY;GIRON;29,0
EL ORO;HUAQUILLAS;30,2
GUAYAS;SAMBORONDON;15,2
TUNGURAHUA;PATATE;21,6
CHIMBORAZO;GUANO;20,7
LOJA;CELICA;18,6
PICHINCHA;CAYAMBE;24,4
EL ORO;ZARUMA;22,7
LOJA;QUILANGA;16,5
COTOPAXI;SALCEDO;18,8
GUAYAS;GNRAL. ANTONIO ELIZALDE;30,0
EL ORO;ARENILLAS;25,2
CAÑAR;BIBLIAN;19,6
TUNGURAHUA;TISALEO;25,3
GUAYAS;GUAYAQUIL;21,3
LOS RIOS;MONTALVO;22,5
CARCHI;BOLIVAR;22,9
CHIMBORAZO;PENIPE;19,0
CARCHI;MIRA;21,5
EL ORO;BALSAS;20,3
BOLIVAR;CALUMA;29,1
IMBABURA;SAN MIGUEL DE URCUQUI;17,7
EL ORO;LAS LAJAS;24,0
MANABI;ROCAFUERTE;23,4
AZUAY;CHORDELEG;25,1
EL ORO;MACHALA;22,1
CARCHI;TULCAN;22,6
CARCHI;ESPEJO;21,9
MANABI;PORTOVIEJO;23,4
GUAYAS;DURAN;18,0
MANABI;MANTA;23,4
COTOPAXI;LATACUNGA;21,0
EL ORO;CHILLA;23,0
EL ORO;PORTOVELO;25,9
TUNGURAHUA;QUERO;17,8
TUNGURAHUA;MOCHA;20,2
BOLIVAR;ECHEANDIA;23,3
SANTA ELENA;LA LIBERTAD;27,3
CAÑAR;AZOGUES;22,5
LOJA;MACARA;20,3
CAÑAR;DELEG;17,7
TUNGURAHUA;SAN PEDRO DE PELILEO;15,8
LOJA;CATAMAYO;21,8
CHIMBORAZO;CHAMBO;21,1
TUNGURAHUA;AMBATO;20,4
TUNGURAHUA;SANTIAGO DE PILLARO;16,4
AZUAY;SEVILLA DE ORO;18,0
AZUAY;PAUTE;18,5
EL ORO;ATAHUALPA;16,8
GUAYAS;DAULE;18,2
CARCHI;MONTUFAR;18,7
NAPO;QUIJOS;15,5
CARCHI;SAN PEDRO DE HUACA;22,3
NAPO;EL CHACO;15,1
IMBABURA;ANTONIO ANTE;16,6
CHIMBORAZO;RIOBAMBA;17,8
EL ORO;MARCABELI;22,5
PICHINCHA;MEJIA;15,0
CHIMBORAZO;CUMANDA;19,4
TUNGURAHUA;BAÑOS DE AGUA SANTA;19,8
SUCUMBIOS;SUCUMBIOS;9,3
AZUAY;CUENCA;15,6
IMBABURA;IBARRA;17,2
AZUAY;EL PAN;14,2
AZUAY;OÑA;6,7
LOJA;LOJA;16,1
PICHINCHA;QUITO;14,2
EL ORO;PIÑAS;11,3
GUAYAS;CRNEL. MARCELINO MARIDUEÑA;10,7
GALAPAGOS;SAN CRISTOBAL;13,8
GALAPAGOS;SANTA CRUZ;10,4
AZUAY;SAN FERNANDO;6,2
TUNGURAHUA;CEVALLOS;12,9
PICHINCHA;RUMIÐAHUI;12,7
AZUAY;GUACHAPALA;3,0
GALAPAGOS;ISABELA;8,6